Region,Country,Item_Type,Sales_Channel,Order_Priority,Order_Date,Order_ID,Ship_Date,Units_Sold,Unit_Price,Unit_Cost,Name,SalesChannel,Order_Id_1
Asia,Johny,Snacks,Online,C,28-01-2013,176461303,07/02/13,7676,152.58,97.44,Johny,Online,176461303
Asia,Feriha,Snacks,Online,L,10-10-2012,440306556,20/11/12,5349,152.58,97.44,Feriha,Online,440306556
Asia,Nobita,Fruits,Online,H,13-03-2017,484823930,20/04/17,9030,9.33,6.92,Nobita,Online,484823930
Asia,Sherlock,Fruits,Online,C,06-07-2016,455516612,19/07/16,6343,9.33,6.92,Sherlock,Online,455516612
Asia,James,Fruits,Online,M,29-06-2017,980155408,04/07/17,8621,9.33,6.92,James,Online,980155408
Asia,Brad,Fruits,Online,C,01-01-2014,931736171,05/01/14,293,9.33,6.92,Brad,Online,931736171
